ID	X	Y	cluster	func	noise	original_trajectory,,
150	0.0,1.0,2.0,3.0,4.0,5.0,6.0,7.0,8.0,9.0,10.0,11.0,12.0,13.0,14.0,15.0,16.0,17.0,18.0,19.0	-92.28963213252399,-92.28963213252399,-12.441465677213204,-1.6772205568552083,-0.22610429263892015,-0.030480875601478698,-0.004109093934437284,-0.0005539425173603007,-7.467639276089915e-05,-1.0067043891763427e-05,-1.3571273192477525e-06,-1.829528688312858e-07,-2.466367874176378e-08,-3.324883905689863e-09,-4.4822400997284915e-10,-6.042459490760959e-11,-8.145774408581735e-12,-1.0981230543119262e-12,-1.4803678348137673e-13,-1.9956678969137643e-14	1	exponential	0	150,,
151	0.0,1.0,2.0,3.0,4.0,5.0,6.0,7.0,8.0,9.0,10.0,11.0,12.0,13.0,14.0,15.0,16.0,17.0,18.0,19.0	91.88126990576424,91.88126990576424,91.88126990576424,91.88126990576424,91.88126990576424,91.88126990576424,19.78512945625498,4.260404193392745,0.9174083966046586,0.19754890098596434,0.042538926420552195,0.009160062404709207,0.0019724696958414176,0.00042473910428956796,9.1460622737602e-05,1.969454996506997e-05,4.240899380703333e-06,9.132083540445612e-07,1.9664449048033529e-07,4.2344176402906384e-08	1	exponential	0	151,,
152	0.0,1.0,2.0,3.0,4.0,5.0,6.0,7.0,8.0,9.0,10.0,11.0,12.0,13.0,14.0,15.0,16.0,17.0,18.0,19.0	58.59025433105887,58.59025433105887,58.59025433105887,58.59025433105887,10.94713512747357,2.0453873919376107,0.3821647887215633,0.07140453017080686,0.013341383296901273,0.0024927341143350453,0.00046574805824017883,8.702141656707029e-05,1.625927753720111e-05,3.0379200484282917e-06,5.676118265111572e-07,1.0605387253756653e-07,1.981534449228627e-08,3.7023436104032473e-09,6.917542218269159e-10,1.2924891738053525e-10	1	exponential	0	152,,
153	0.0,1.0,2.0,3.0,4.0,5.0,6.0,7.0,8.0,9.0,10.0,11.0,12.0,13.0,14.0,15.0,16.0,17.0,18.0,19.0	21.797667472298585,21.797667472298585,21.797667472298585,21.797667472298585,21.797667472298585,3.713611919211143,0.6326784048813093,0.10778777446626331,0.01836352281783606,0.003128545625429277,0.0005330021819607515,9.080619558998472e-05,1.547041538778119e-05,2.6356544365227645e-06,4.4902959194287286e-07,7.650000381172557e-08,1.3033106699877752e-08,2.2204164939448363e-09,3.7828658355329226e-10,6.444770145000426e-11	1	exponential	0	153,,
154	0.0,1.0,2.0,3.0,4.0,5.0,6.0,7.0,8.0,9.0,10.0,11.0,12.0,13.0,14.0,15.0,16.0,17.0,18.0,19.0	-25.525063835814763,-25.525063835814763,-25.525063835814763,-25.525063835814763,-25.525063835814763,-2.919000504708496,-0.3338116606209254,-0.03817410260353065,-0.004365521884029521,-0.0004992332502972328,-5.709141880931047e-05,-6.528872224996021e-06,-7.46630113935319e-07,-8.538328027018588e-08,-9.764278742082291e-09,-1.1166253984548697e-09,-1.276952771842519e-10,-1.4603002795500142e-11,-1.669973199852092e-12,-1.909751389682399e-13	1	exponential	0	154,,
155	0.0,1.0,2.0,3.0,4.0,5.0,6.0,7.0,8.0,9.0,10.0,11.0,12.0,13.0,14.0,15.0,16.0,17.0,18.0,19.0	77.30164789455657,77.30164789455657,77.30164789455657,77.30164789455657,8.06808634873623,0.8420780035563473,0.08788891608535092,0.009173095055369148,0.0009574093826930595,9.992622125202841e-05,1.0429446247562577e-05,1.0885365989819126e-06,1.1361216110587176e-07,1.1857867859674085e-08,1.2376230573280123e-09,1.2917253338932345e-10,1.3481926733200513e-11,1.407128463537667e-12,1.4686406120439097e-13,1.5328417434766593e-14	1	exponential	0	155,,
156	0.0,1.0,2.0,3.0,4.0,5.0,6.0,7.0,8.0,9.0,10.0,11.0,12.0,13.0,14.0,15.0,16.0,17.0,18.0,19.0	-64.76237914306209,-7.416298515769089,-0.8492813945809313,-0.0972559135325654,-0.01113731300062347,-0.0012753953602247824,-0.00014605258241299707,-1.672528965900091e-05,-1.9153054985804174e-06,-2.1933223445958025e-07,-2.511694824073124e-08,-2.876280773238695e-09,-3.2937883246048876e-10,-3.771899332027812e-11,-4.319410711572824e-12,-4.946396298763277e-13,-5.664392200275384e-14,-6.486609050423789e-15,-7.428175077812268e-16,-8.506414454409947e-17	1	exponential	0	156,,
157	0.0,1.0,2.0,3.0,4.0,5.0,6.0,7.0,8.0,9.0,10.0,11.0,12.0,13.0,14.0,15.0,16.0,17.0,18.0,19.0	-24.828342864710223,-24.828342864710223,-24.828342864710223,-24.828342864710223,-24.828342864710223,-10.730472034561743,-4.637564041705344,-2.0042920918713163,-0.8662277767835805,-0.3743718614240784,-0.16179842575187436,-0.0699270785902636,-0.0302215321159406,-0.013061335062866468,-0.0056449313347181835,-0.0024396625322227966,-0.0010543889585556657,-0.0004556925645413709,-0.00019694412739559096,-8.511657273725257e-05	1	exponential	0	157,,
158	0.0,1.0,2.0,3.0,4.0,5.0,6.0,7.0,8.0,9.0,10.0,11.0,12.0,13.0,14.0,15.0,16.0,17.0,18.0,19.0	66.90173223015253,66.90173223015253,66.90173223015253,66.90173223015253,25.791088647251158,9.942646198188745,3.832960088440986,1.4776330915061526,0.5696379567578811,0.21959944159652192,0.08465713033585884,0.03263591958430599,0.012581376700199034,0.004850209269066541,0.0018697898103127962,0.0007208171319631361,0.00027788007767816494,0.00010712472574024783,4.129733574572499e-05,1.5920413591820965e-05	1	exponential	0	158,,
159	0.0,1.0,2.0,3.0,4.0,5.0,6.0,7.0,8.0,9.0,10.0,11.0,12.0,13.0,14.0,15.0,16.0,17.0,18.0,19.0	19.44338378042059,19.44338378042059,19.44338378042059,19.44338378042059,19.44338378042059,3.348412934839425,0.5766418699964294,0.09930550762518929,0.01710174782271289,0.0029451516394794494,0.0005071948358406166,8.734579165806823e-05,1.5042123423299453e-05,2.5904565381642364e-06,4.461115553488735e-07,7.682642688026959e-08,1.3230546925810122e-08,2.2784786311729277e-09,3.9238475187931646e-10,6.757394666814734e-11	1	exponential	0	159,,
160	0.0,1.0,2.0,3.0,4.0,5.0,6.0,7.0,8.0,9.0,10.0,11.0,12.0,13.0,14.0,15.0,16.0,17.0,18.0,19.0	-63.6320630059761,-63.6320630059761,-63.6320630059761,-63.6320630059761,-63.6320630059761,-31.191900406891147,-15.2900064060793,-7.495032134890269,-3.6740015151793806,-1.8009645443285356,-0.8828176244696321,-0.4327497509756809,-0.21213027671714293,-0.1039844718538508,-0.05097231076138258,-0.024986196669890007,-0.012248022793179108,-0.006003877433775732,-0.002943050061914948,-0.001442658309147142	1	exponential	0	160,,
161	0.0,1.0,2.0,3.0,4.0,5.0,6.0,7.0,8.0,9.0,10.0,11.0,12.0,13.0,14.0,15.0,16.0,17.0,18.0,19.0	-87.757864316375,-87.757864316375,-9.23166378940155,-0.9711222690345902,-0.10215693323857786,-0.010746369784194021,-0.0011304613390158765,-0.00011891856177229195,-1.2509604571087245e-05,-1.3159443251980966e-06,-1.3843039219828562e-07,-1.4562146070493116e-08,-1.5318608494197727e-09,-1.6114367007620635e-10,-1.695146293180934e-11,-1.7832043628683309e-12,-1.875836800955826e-13,-1.973281232982272e-14,-2.0757876284631713e-15,-2.1836189421254523e-16	1	exponential	0	161,,
162	0.0,1.0,2.0,3.0,4.0,5.0,6.0,7.0,8.0,9.0,10.0,11.0,12.0,13.0,14.0,15.0,16.0,17.0,18.0,19.0	-40.76804328668211,-40.76804328668211,-40.76804328668211,-40.76804328668211,-40.76804328668211,-4.502569887629203,-0.4972800742587509,-0.054921406757996234,-0.0060657184480465715,-0.0006699198447901313,-7.398836630608278e-05,-8.17154229900151e-06,-9.02494633658119e-07,-9.967476566586783e-08,-1.100844098127817e-08,-1.2158119663358582e-09,-1.34278663073128e-10,-1.4830220343238324e-11,-1.6379030770452577e-12,-1.8089592923799569e-13	1	exponential	0	162,,
163	0.0,1.0,2.0,3.0,4.0,5.0,6.0,7.0,8.0,9.0,10.0,11.0,12.0,13.0,14.0,15.0,16.0,17.0,18.0,19.0	24.704410289288603,24.704410289288603,24.704410289288603,24.704410289288603,24.704410289288603,2.495403248352618,0.2520617694966284,0.025460869173635645,0.002571813489890068,0.00025978000129035116,2.6240491130365576e-05,2.650563443462302e-06,2.677345684162451e-07,2.704398542198205e-08,2.7317247519838777e-09,2.759327075563282e-10,2.7872083028889115e-11,2.815371252103934e-12,2.843818769827047e-13,2.872553731440198e-14	1	exponential	0	163,,
164	0.0,1.0,2.0,3.0,4.0,5.0,6.0,7.0,8.0,9.0,10.0,11.0,12.0,13.0,14.0,15.0,16.0,17.0,18.0,19.0	30.797503788452218,4.385305272893187,0.6244305534812721,0.08891365409179004,0.012660555829434757,0.001802756568127988,0.0002566973589242248,3.6551542922457476e-05,5.204632005608727e-06,7.410957827764798e-07,1.0552580060554096e-07,1.5025985644825884e-08,2.139573860638005e-09,3.046573059053699e-10,4.338063562518991e-11,6.177037316249456e-12,8.795581128871772e-13,1.2524167077808375e-13,1.7833359580753396e-14,2.5393202754374407e-15	1	exponential	0	164,,
165	0.0,1.0,2.0,3.0,4.0,5.0,6.0,7.0,8.0,9.0,10.0,11.0,12.0,13.0,14.0,15.0,16.0,17.0,18.0,19.0	-81.18025832653748,-81.18025832653748,-81.18025832653748,-81.18025832653748,-81.18025832653748,-81.18025832653748,-11.949950605856378,-1.7590646103638479,-0.2589390036405734,-0.038116512157279,-0.005610852280302614,-0.0008259324248104134,-0.00012157945643088961,-1.7896820347528527e-05,-2.634459701946271e-06,-3.87799496581373e-07,-5.7085120504087885e-08,-8.403082035157958e-09,-1.2369560940935187e-09,-1.8208323711626515e-10	1	exponential	0	165,,
166	0.0,1.0,2.0,3.0,4.0,5.0,6.0,7.0,8.0,9.0,10.0,11.0,12.0,13.0,14.0,15.0,16.0,17.0,18.0,19.0	79.78264946251488,79.78264946251488,79.78264946251488,79.78264946251488,79.78264946251488,18.486018353061812,4.283298146300569,0.9924604995895815,0.22995780578485167,0.053282314473222465,0.012345765023865045,0.002860572321817749,0.0006628081769361269,0.00015357579882274388,3.5584241119458584e-05,8.24503747175198e-06,1.91041429497903e-06,4.4265205476194234e-07,1.0256458093929852e-07,2.3764699949063345e-08	1	exponential	0	166,,
167	0.0,1.0,2.0,3.0,4.0,5.0,6.0,7.0,8.0,9.0,10.0,11.0,12.0,13.0,14.0,15.0,16.0,17.0,18.0,19.0	32.82203927808277,32.82203927808277,6.276074184455372,1.2000810441747787,0.2294737873167133,0.04387888578115653,0.008390311764621974,0.001604355494773879,0.0003067772242343021,5.866048118105372e-05,1.1216778106593217e-05,2.1448189404417174e-06,4.1012207280569326e-07,7.842159141311863e-08,1.499540358238614e-08,2.867349725333722e-09,5.48280971712473e-10,1.0483967870608678e-10,2.0046944538063496e-11,3.833281351794733e-12	1	exponential	0	167,,
168	0.0,1.0,2.0,3.0,4.0,5.0,6.0,7.0,8.0,9.0,10.0,11.0,12.0,13.0,14.0,15.0,16.0,17.0,18.0,19.0	69.671942413079,8.561988960418578,1.0521833096556252,0.12930286668621704,0.0158900366313031,0.0019527275041541577,0.00023997079389787533,2.949002449213746e-05,3.6240307848336335e-06,4.4535734898841887e-07,5.472998991290233e-08,6.725771568988488e-09,8.265304501280329e-10,1.0157237396208364e-10,1.248223480537859e-11,1.533942544207603e-12,1.885062863836047e-13,2.3165548240591956e-14,2.8468155390592183e-15,3.498453232903905e-16	1	exponential	0	168,,
169	0.0,1.0,2.0,3.0,4.0,5.0,6.0,7.0,8.0,9.0,10.0,11.0,12.0,13.0,14.0,15.0,16.0,17.0,18.0,19.0	75.2772816887622,75.2772816887622,75.2772816887622,75.2772816887622,75.2772816887622,75.2772816887622,19.919473673014277,5.270985116737328,1.394780030684524,0.3690792690381388,0.09766379202236902,0.02584327290190585,0.006838509343661471,0.0018095699496288057,0.00047883876997766066,0.00012670776704749778,3.352873500805286e-05,8.872195426021676e-06,2.347713137958057e-06,6.212393566056014e-07	1	exponential	0	169,,
170	0.0,1.0,2.0,3.0,4.0,5.0,6.0,7.0,8.0,9.0,10.0,11.0,12.0,13.0,14.0,15.0,16.0,17.0,18.0,19.0	-62.79840220230544,-62.79840220230544,-62.79840220230544,-62.79840220230544,-62.79840220230544,-9.460321800259917,-1.4251586891678498,-0.21469431296246405,-0.03234281793934018,-0.004872312907702364,-0.0007339939616605769,-0.00011057318073773821,-1.6657396296285098e-05,-2.509368451917866e-06,-3.7802606814877767e-07,-5.6948077150968214e-08,-8.578994319291932e-09,-1.2923903178562703e-09,-1.9469330221289714e-10,-2.9329747679816687e-11	1	exponential	0	170,,
171	0.0,1.0,2.0,3.0,4.0,5.0,6.0,7.0,8.0,9.0,10.0,11.0,12.0,13.0,14.0,15.0,16.0,17.0,18.0,19.0	32.53123926118292,32.53123926118292,32.53123926118292,32.53123926118292,32.53123926118292,32.53123926118292,8.083195140202733,2.008470785573793,0.49905449844208954,0.12400249692660266,0.03081150313649845,0.0076558839463722675,0.0019022946962587424,0.0004726724094516702,0.00011744721104266738,2.918267939036802e-05,7.251162193128812e-06,1.8017315150443273e-06,4.47684987019054e-07,1.1123846473725007e-07	1	exponential	0	171,,
172	0.0,1.0,2.0,3.0,4.0,5.0,6.0,7.0,8.0,9.0,10.0,11.0,12.0,13.0,14.0,15.0,16.0,17.0,18.0,19.0	91.04576760764706,12.012877676224033,1.5850185445830764,0.20913255377973106,0.027593636175365095,0.003640795005928973,0.000480378453602698,6.33827112786974e-05,8.362923147176205e-06,1.1034315534097629e-06,1.4559038408375185e-07,1.920967356076954e-08,2.53458743607031e-09,3.344217927890763e-10,4.4124709962918576e-11,5.821959188346541e-12,7.681684212600492e-13,1.0135466504167338e-13,1.3373067469838302e-14,1.7644864543661138e-15	1	exponential	0	172,,
173	0.0,1.0,2.0,3.0,4.0,5.0,6.0,7.0,8.0,9.0,10.0,11.0,12.0,13.0,14.0,15.0,16.0,17.0,18.0,19.0	-5.387432923086081,-1.0717300207936036,-0.21320084238047507,-0.042412359745307486,-0.008437153620412306,-0.0016784154817585334,-0.00033388968082686925,-6.642116935543563e-05,-1.3213261720511464e-05,-2.6285337489386704e-06,-5.228981167143745e-07,-1.0402089780047149e-07,-2.0693031459370494e-08,-4.116495435367758e-09,-8.189005415989975e-10,-1.6290509914563322e-10,-3.240695295649696e-11,-6.446763210191132e-12,-1.2824641657629754e-12,-2.5512249835175237e-13	1	exponential	0	173,,
174	0.0,1.0,2.0,3.0,4.0,5.0,6.0,7.0,8.0,9.0,10.0,11.0,12.0,13.0,14.0,15.0,16.0,17.0,18.0,19.0	-28.37577145225299,-28.37577145225299,-28.37577145225299,-28.37577145225299,-28.37577145225299,-28.37577145225299,-4.064014387221547,-0.5820533537681973,-0.08336242797221614,-0.011939273869712086,-0.0017099581190641309,-0.000244902395309896,-3.5075235211813485e-05,-5.023520180793952e-06,-7.194750043570512e-07,-1.030441330510922e-07,-1.4758112918377066e-08,-2.113675863560089e-09,-3.027233685570546e-10,-4.335642917177355e-11	1	exponential	0	174,,
175	0.0,1.0,2.0,3.0,4.0,5.0,6.0,7.0,8.0,9.0,10.0,11.0,12.0,13.0,14.0,15.0,16.0,17.0,18.0,19.0	46.223649612224875,46.223649612224875,46.223649612224875,7.245347673704701,1.1356754248797922,0.17801197799751897,0.02790257111880649,0.00437360161826248,0.0006855422403125977,0.00010745564051613866,1.6843184853888044e-05,2.6400929226198785e-06,4.1382260543549236e-07,6.486481869716966e-08,1.0167266479289895e-08,1.5936729607386172e-09,2.498010169166702e-10,3.9155177749694564e-11,6.137396730941269e-12,9.620091338561835e-13	1	exponential	0	175,,
176	0.0,1.0,2.0,3.0,4.0,5.0,6.0,7.0,8.0,9.0,10.0,11.0,12.0,13.0,14.0,15.0,16.0,17.0,18.0,19.0	-78.21184591938845,-78.21184591938845,-78.21184591938845,-78.21184591938845,-12.92949115956364,-2.1374222751056817,-0.35334522648547406,-0.0584128136654222,-0.0096564394947376,-0.001596341930207792,-0.0002638972221105172,-4.3625831358437445e-05,-7.211948449073782e-06,-1.192234023112509e-06,-1.9709264090061392e-07,-3.258211755756326e-08,-5.386271043322172e-09,-8.90424500521649e-10,-1.471993861341606e-10,-2.4334078033095286e-11	1	exponential	0	176,,
177	0.0,1.0,2.0,3.0,4.0,5.0,6.0,7.0,8.0,9.0,10.0,11.0,12.0,13.0,14.0,15.0,16.0,17.0,18.0,19.0	17.428261098226926,6.347191466938436,2.3115811319853763,0.8418538116557215,0.30659440432037177,0.11165849397971868,0.04066486244410057,0.01480972005495598,0.0053935460474669366,0.0019642733865459744,0.0007153679421917355,0.0002605295659050363,9.488215882684097e-05,3.455509562750877e-05,1.2584606511803908e-05,4.5831828325446625e-06,1.6691475301058997e-06,6.078861740961272e-07,2.2138582359690056e-07,8.062641490827457e-08	1	exponential	0	177,,
178	0.0,1.0,2.0,3.0,4.0,5.0,6.0,7.0,8.0,9.0,10.0,11.0,12.0,13.0,14.0,15.0,16.0,17.0,18.0,19.0	80.70604919112537,8.234332195932762,0.8401380986003062,0.08571818672416133,0.008745714005256408,0.0008923137129332042,9.10415961246948e-05,9.288854474382036e-06,9.477296216124136e-07,9.669560850143075e-08,9.865725930940447e-09,1.006587058635559e-09,1.0270075549483683e-10,1.0478423191241351e-11,1.0690997553592927e-12,1.090788438345077e-13,1.1129171167263331e-14,1.1354947166304867e-15,1.1585303452681112e-16,1.1820332946065358e-17	1	exponential	0	178,,
179	0.0,1.0,2.0,3.0,4.0,5.0,6.0,7.0,8.0,9.0,10.0,11.0,12.0,13.0,14.0,15.0,16.0,17.0,18.0,19.0	-74.79318270893289,-74.79318270893289,-74.79318270893289,-45.46859351101057,-27.64146304503491,-16.8039171716409,-10.215509644019688,-6.210256586076046,-3.775365910155913,-2.2951366916988207,-1.3952693749265397,-0.8482181630615325,-0.5156524360647997,-0.3134776480850639,-0.190570680900641,-0.11585254846967293,-0.07042957984662777,-0.04281585327983523,-0.026028797787413644,-0.01582353876799058	1	exponential	0	179,,
180	0.0,1.0,2.0,3.0,4.0,5.0,6.0,7.0,8.0,9.0,10.0,11.0,12.0,13.0,14.0,15.0,16.0,17.0,18.0,19.0	-76.29177463460117,-76.29177463460117,-76.29177463460117,-12.662706477100965,-2.101722447710539,-0.34883831945393656,-0.05789925936795545,-0.00960996555827189,-0.0015950366039100702,-0.0002647399465051225,-4.3940834400742506e-05,-7.293183190985183e-06,-1.210503209205559e-06,-2.009161131874734e-07,-3.334752376646258e-08,-5.5349335785584015e-09,-9.186736002828269e-10,-1.52479008443029e-10,-2.5308061545048754e-11,-4.200564954534618e-12	1	exponential	0	180,,
181	0.0,1.0,2.0,3.0,4.0,5.0,6.0,7.0,8.0,9.0,10.0,11.0,12.0,13.0,14.0,15.0,16.0,17.0,18.0,19.0	87.46884130572991,87.46884130572991,87.46884130572991,11.700475896423276,1.565141759729861,0.20936487966264056,0.028006187020220796,0.0037463136734080618,0.0005011344860844808,6.703543670829244e-05,8.967153328006905e-06,1.199512418452529e-06,1.6045560830636964e-07,2.1463722960185445e-08,2.871145534732324e-09,3.840655554912239e-10,5.137543504165643e-11,6.872356263095745e-12,9.192969474344438e-13,1.2297192479680862e-13	1	exponential	0	181,,
182	0.0,1.0,2.0,3.0,4.0,5.0,6.0,7.0,8.0,9.0,10.0,11.0,12.0,13.0,14.0,15.0,16.0,17.0,18.0,19.0	71.44228808615793,71.44228808615793,71.44228808615793,71.44228808615793,71.44228808615793,71.44228808615793,14.953728606740588,3.129994926455574,0.6551455156957688,0.13712982187556497,0.02870291804966959,0.006007865344663229,0.0012575183448994627,0.0002632136868985247,5.5093784716320436e-05,1.153179057720678e-05,2.4137422143220774e-06,5.052252239748573e-07,1.0574970492950294e-07,2.2134682834508408e-08	1	exponential	0	182,,
183	0.0,1.0,2.0,3.0,4.0,5.0,6.0,7.0,8.0,9.0,10.0,11.0,12.0,13.0,14.0,15.0,16.0,17.0,18.0,19.0	-93.31818656183337,-93.31818656183337,-93.31818656183337,-93.31818656183337,-93.31818656183337,-93.31818656183337,-12.27749176950063,-1.6152993291428386,-0.2125183198420853,-0.027960165310332442,-0.0036786044834253516,-0.0004839789320013931,-6.367512671628655e-05,-8.377475741699183e-06,-1.1021901866872518e-06,-1.4501065059285737e-07,-1.9078457637665865e-08,-2.5100745658618504e-09,-3.302402346061651e-10,-4.344835569268795e-11	1	exponential	0	183,,
184	0.0,1.0,2.0,3.0,4.0,5.0,6.0,7.0,8.0,9.0,10.0,11.0,12.0,13.0,14.0,15.0,16.0,17.0,18.0,19.0	-19.06794578732797,-19.06794578732797,-19.06794578732797,-19.06794578732797,-19.06794578732797,-2.603878942331503,-0.35558028231983696,-0.0485573023842051,-0.006630884028350957,-0.0009054997052666189,-0.0001236531528424036,-1.68858168798241e-05,-2.305891965911721e-06,-3.1488780177459855e-07,-4.300042203721998e-08,-5.872048027768958e-09,-8.018746423134997e-10,-1.0950233018269563e-10,-1.495341002534434e-11,-2.0420065126742327e-12	1	exponential	0	184,,
185	0.0,1.0,2.0,3.0,4.0,5.0,6.0,7.0,8.0,9.0,10.0,11.0,12.0,13.0,14.0,15.0,16.0,17.0,18.0,19.0	-19.307513147114605,-19.307513147114605,-19.307513147114605,-19.307513147114605,-2.947199015513224,-0.44987575410975117,-0.06867137002642269,-0.010482354335004714,-0.0016000809706041058,-0.0002442446640006876,-3.728277317758865e-05,-5.691036000719389e-06,-8.68709272435589e-07,-1.3260429206917272e-07,-2.024140737656306e-08,-3.0897534777400336e-09,-4.716360071019733e-10,-7.199296798196158e-11,-1.0989380286503698e-11,-1.6774760433776687e-12	1	exponential	0	185,,
186	0.0,1.0,2.0,3.0,4.0,5.0,6.0,7.0,8.0,9.0,10.0,11.0,12.0,13.0,14.0,15.0,16.0,17.0,18.0,19.0	82.49075234005701,82.49075234005701,82.49075234005701,19.26240675092068,4.497962538980744,1.050318751113855,0.24525981916944795,0.05727059412701065,0.013373250305606385,0.0031227862476819117,0.0007292014825014593,0.00017027576014113697,3.976107452796351e-05,9.284604257868927e-06,2.1680469466339903e-06,5.062604104881737e-07,1.1821681427405116e-07,2.7604795649791322e-08,6.445992877969171e-09,1.505203107096479e-09	1	exponential	0	186,,
187	0.0,1.0,2.0,3.0,4.0,5.0,6.0,7.0,8.0,9.0,10.0,11.0,12.0,13.0,14.0,15.0,16.0,17.0,18.0,19.0	-89.63169874876074,-89.63169874876074,-14.767668513150468,-2.4331127978014697,-0.4008783025941812,-0.0660484847377407,-0.01088211137375457,-0.001792930578513819,-0.0002954022384960015,-4.867030745874245e-05,-8.018892612963678e-06,-1.3211882582158008e-06,-2.1767823786857939e-07,-3.58645446225501e-08,-5.9090222962915324e-09,-9.735672058726326e-10,-1.604043878706465e-10,-2.6428137156792114e-11,-4.354285084404661e-12,-7.174095731297572e-13	1	exponential	0	187,,
188	0.0,1.0,2.0,3.0,4.0,5.0,6.0,7.0,8.0,9.0,10.0,11.0,12.0,13.0,14.0,15.0,16.0,17.0,18.0,19.0	41.24214461096619,41.24214461096619,41.24214461096619,41.24214461096619,41.24214461096619,41.24214461096619,4.250679206096335,0.43810218609086254,0.04515361337602733,0.004653820194562773,0.00047965247482981827,4.943605188682718e-05,5.095195697727148e-06,5.251434571993976e-07,5.412464348765897e-08,5.578431936083054e-09,5.749488746767781e-10,5.925790836559056e-11,6.107499046482705e-12,6.294779149587254e-13	1	exponential	0	188,,
189	0.0,1.0,2.0,3.0,4.0,5.0,6.0,7.0,8.0,9.0,10.0,11.0,12.0,13.0,14.0,15.0,16.0,17.0,18.0,19.0	-53.31490642008203,-53.31490642008203,-53.31490642008203,-13.166520110904102,-3.251571904954971,-0.803000319297466,-0.19830701323542216,-0.04897341950344353,-0.01209435702111545,-0.0029867931060831784,-0.0007376111886701383,-0.00018215867196936765,-4.498546427077405e-05,-1.1109501259415192e-05,-2.7435755134160383e-06,-6.775467612856917e-07,-1.6732530651476055e-07,-4.1322252278397567e-08,-1.0204843301505645e-08,-2.5201633760589156e-09	1	exponential	0	189,,
190	0.0,1.0,2.0,3.0,4.0,5.0,6.0,7.0,8.0,9.0,10.0,11.0,12.0,13.0,14.0,15.0,16.0,17.0,18.0,19.0	-62.44308087736994,-62.44308087736994,-62.44308087736994,-62.44308087736994,-18.69304522408579,-5.595975324086768,-1.6752187485984922,-0.5014957524162921,-0.15012844734575057,-0.04494265523456824,-0.013454094112367013,-0.00402763582702609,-0.0012057185136108868,-0.0003609455264820866,-0.00010805314143950813,-3.234693469881748e-05,-9.68342216126433e-06,-2.898842367177781e-06,-8.678013753608459e-07,-2.5978619451852057e-07	1	exponential	0	190,,
191	0.0,1.0,2.0,3.0,4.0,5.0,6.0,7.0,8.0,9.0,10.0,11.0,12.0,13.0,14.0,15.0,16.0,17.0,18.0,19.0	64.54690097211383,13.42550514087014,2.7924530159147594,0.5808194004077556,0.12080818333106824,0.02512763373521453,0.005226450392029981,0.0010870814175418864,0.00022610872001520724,4.70297370941358e-05,9.782002971821591e-06,2.034618691344074e-06,4.2319279917329517e-07,8.802246142436659e-08,1.830833069546478e-08,3.808061799572768e-09,7.920620896889064e-10,1.6474584367111429e-10,3.426649673078952e-11,7.1272984618979244e-12	1	exponential	0	191,,
192	0.0,1.0,2.0,3.0,4.0,5.0,6.0,7.0,8.0,9.0,10.0,11.0,12.0,13.0,14.0,15.0,16.0,17.0,18.0,19.0	-8.336462823439206,-4.126191545113345,-2.0422878416845154,-1.0108448875166849,-0.5003248639896981,-0.2476393486455439,-0.12257085628039457,-0.060667316771265786,-0.03002771976892694,-0.01486243339095996,-0.007356267075907085,-0.0036410366908685154,-0.0018021569972180543,-0.0008919904187637522,-0.00044149699964795235,-0.00021852207893476196,-0.0001081590566188388,-5.353409406364671e-05,-2.649708047394526e-05,-1.311491836974041e-05	1	exponential	0	192,,
193	0.0,1.0,2.0,3.0,4.0,5.0,6.0,7.0,8.0,9.0,10.0,11.0,12.0,13.0,14.0,15.0,16.0,17.0,18.0,19.0	-95.25126286474999,-95.25126286474999,-95.25126286474999,-95.25126286474999,-95.25126286474999,-10.802071751236555,-1.2250205468094089,-0.13892477060554934,-0.0157549127956033,-0.0017867028040797037,-0.0002026229501566742,-2.297867325021705e-05,-2.6059211157075736e-06,-2.955272825086392e-07,-3.351458882638779e-08,-3.800757935670463e-09,-4.3102903515820843e-10,-4.88813105948677e-11,-5.543437519458303e-12,-6.286594847431218e-13	1	exponential	0	193,,
194	0.0,1.0,2.0,3.0,4.0,5.0,6.0,7.0,8.0,9.0,10.0,11.0,12.0,13.0,14.0,15.0,16.0,17.0,18.0,19.0	77.59520845811949,77.59520845811949,77.59520845811949,77.59520845811949,77.59520845811949,13.422206873691918,2.3217366244646165,0.4016076494801967,0.06946899248669135,0.01201655626670016,0.0020785910280537623,0.0003595489894120931,6.219380053242189e-05,1.0758113465960368e-05,1.8609090352364566e-06,3.218949538301362e-07,5.568050847157044e-08,9.631462024374153e-09,1.666023951170018e-09,2.881842651559973e-10	1	exponential	0	194,,
195	0.0,1.0,2.0,3.0,4.0,5.0,6.0,7.0,8.0,9.0,10.0,11.0,12.0,13.0,14.0,15.0,16.0,17.0,18.0,19.0	90.22401885917296,90.22401885917296,90.22401885917296,14.051441150145342,2.1883640397816757,0.34081466231383967,0.053078295903493666,0.008266385832380981,0.0012874025732482353,0.0002004993983118729,3.122567063229861e-05,4.8630694887180454e-06,7.573718793933071e-07,1.1795269737076287e-07,1.8369890928857372e-08,2.8609171325467397e-09,4.4555772655360934e-10,6.939092552984932e-11,1.0806906173828284e-11,1.6830618724013073e-12	1	exponential	0	195,,
196	0.0,1.0,2.0,3.0,4.0,5.0,6.0,7.0,8.0,9.0,10.0,11.0,12.0,13.0,14.0,15.0,16.0,17.0,18.0,19.0	-56.07612113663032,-56.07612113663032,-56.07612113663032,-56.07612113663032,-10.549722950637499,-1.9847423837328473,-0.3733939126380098,-0.0702474110180984,-0.013215798618360555,-0.0024863170128228986,-0.0004677562413567892,-8.800000168917146e-05,-1.6555632213119546e-05,-3.114647189942142e-06,-5.859653677330957e-07,-1.1023894240456824e-07,-2.073949262478115e-08,-3.901765972634436e-09,-7.340477407348623e-10,-1.3809800215007395e-10	1	exponential	0	196,,
197	0.0,1.0,2.0,3.0,4.0,5.0,6.0,7.0,8.0,9.0,10.0,11.0,12.0,13.0,14.0,15.0,16.0,17.0,18.0,19.0	-69.07803975165274,-69.07803975165274,-69.07803975165274,-69.07803975165274,-69.07803975165274,-69.07803975165274,-44.509528586493296,-28.679130764483876,-18.479021628100462,-11.906715134988854,-7.671935677059208,-4.943311095095669,-3.1851576461942948,-2.05231453896867,-1.3223819461164759,-0.8520594568771864,-0.549013331727609,-0.35374953705618556,-0.22793387288735778,-0.14686620042467619	1	exponential	0	197,,
198	0.0,1.0,2.0,3.0,4.0,5.0,6.0,7.0,8.0,9.0,10.0,11.0,12.0,13.0,14.0,15.0,16.0,17.0,18.0,19.0	-56.093153171960864,-56.093153171960864,-56.093153171960864,-56.093153171960864,-8.885275126462727,-1.407446535068398,-0.22294253367308478,-0.03531457293911282,-0.005593903690448999,-0.0008860862780917733,-0.00014035795674549964,-2.223299977536855e-05,-3.5217545942751618e-06,-5.578534407236829e-07,-8.836517508435365e-08,-1.3997232243578023e-08,-2.2171914478031877e-09,-3.5120785528632234e-10,-5.5632073512204634e-11,-8.81223912473199e-12	1	exponential	0	198,,
199	0.0,1.0,2.0,3.0,4.0,5.0,6.0,7.0,8.0,9.0,10.0,11.0,12.0,13.0,14.0,15.0,16.0,17.0,18.0,19.0	-59.79706141839421,-11.69435271540913,-2.2870335462727054,-0.44726908526409326,-0.08747122881472805,-0.017106516239191436,-0.0033454760131647766,-0.0006542658714472365,-0.00012795304131792864,-2.5023436949710857e-05,-4.893767200267526e-06,-9.570610727273012e-07,-1.8716989579722134e-07,-3.66043201327912e-08,-7.1586098110322e-09,-1.399990335586075e-09,-2.7379239705366794e-10,-5.354485297429717e-11,-1.0471624891311757e-11,-2.0479079084777203e-12	1	exponential	0	199,,
200	0.0,1.0,2.0,3.0,4.0,5.0,6.0,7.0,8.0,9.0,10.0,11.0,12.0,13.0,14.0,15.0,16.0,17.0,18.0,19.0	0.0,0.0,71.38277703503799,105.86005725005909,126.17366280480742,139.56423155681478,149.0556239911347,156.13448487073506,161.6169239068277,165.98825393520335,169.55517366765955,172.5210154041411,175.02590788903552,177.16956319170166,179.024868165776,180.64633684531822,182.07555637027875,183.34480423472405,184.47951527965793,185.5000036862321	1	hyperbolic	0	200,,
201	0.0,1.0,2.0,3.0,4.0,5.0,6.0,7.0,8.0,9.0,10.0,11.0,12.0,13.0,14.0,15.0,16.0,17.0,18.0,19.0	0.0,91.94995100569288,158.9883172755903,210.031088974545,250.19298079920807,282.61811850153384,309.3456912301751,331.75613443667504,350.8172622144332,367.2277168824954,381.50446409659037,394.03824258457695,405.1298735972445,415.0147187936856,423.87956684779823,431.87454904490295,439.12171126069336,445.7212880385067,451.75636669753067,457.29640368732976	2	hyperbolic	0	201,,
202	0.0,1.0,2.0,3.0,4.0,5.0,6.0,7.0,8.0,9.0,10.0,11.0,12.0,13.0,14.0,15.0,16.0,17.0,18.0,19.0	0.0,91.33233477107537,141.38814620364067,172.9915251717117,194.75787192227153,210.66153674484357,222.79002514516603,232.34493520563208,240.06683738071365,246.43703026678966,251.7818720880688,256.3304849362777,260.24845789400104,263.6584406837042,266.6532147007229,269.30426336060094,271.6675516188253,273.78752034646294,275.6999073497404,277.4337783868126	1	hyperbolic	0	202,,
203	0.0,1.0,2.0,3.0,4.0,5.0,6.0,7.0,8.0,9.0,10.0,11.0,12.0,13.0,14.0,15.0,16.0,17.0,18.0,19.0	0.0,0.0,0.0,0.0,0.0,162.79270260408788,277.6258411882975,362.9720493345783,428.8965592044243,481.35162265661023,524.0826546737391,559.5642262402291,589.4969245414608,615.0880107096062,637.2182108344822,656.545123478085,673.5696711827095,688.6801384262059,702.182146493931,714.3195398914573	3	hyperbolic	0	203,,
204	0.0,1.0,2.0,3.0,4.0,5.0,6.0,7.0,8.0,9.0,10.0,11.0,12.0,13.0,14.0,15.0,16.0,17.0,18.0,19.0	0.0,0.0,59.66068328108942,107.32129142159972,146.2715035823527,178.6992411982479,206.1162744676409,229.60068544108606,249.94197843280875,267.731580794919,283.4212955119465,297.36220812056644,309.83127051395036,321.0498869650733,331.197175502639,340.41960321674617,348.8381018041046,356.55340002070255,363.65007344104333,370.1996576181124	2	hyperbolic	0	204,,
205	0.0,1.0,2.0,3.0,4.0,5.0,6.0,7.0,8.0,9.0,10.0,11.0,12.0,13.0,14.0,15.0,16.0,17.0,18.0,19.0	0.0,0.0,25.95068424501227,41.92027963702211,52.73836820794386,60.55141990101707,66.4588423951832,71.08203850264744,74.79872295564142,77.85171201351159,80.40420985537556,82.56996473830719,84.43068309046126,86.04656960676955,87.46296359840333,88.71466033265091,89.82880775295095,90.82689797252897,91.72616723440908,92.5405996557785	1	hyperbolic	0	205,,
206	0.0,1.0,2.0,3.0,4.0,5.0,6.0,7.0,8.0,9.0,10.0,11.0,12.0,13.0,14.0,15.0,16.0,17.0,18.0,19.0	0.0,0.0,0.0,21.982178639473638,40.20796745538422,55.56443121703997,68.67971111942087,80.01107075244077,89.89930225491685,98.60358989449635,106.32455807880577,113.21992581913908,119.41539427743852,125.01237909484335,130.0936051319815,134.7272226763727,138.96988174283462,142.8690596977326,146.46484555115765,149.79132334291506	1	hyperbolic	0	206,,
207	0.0,1.0,2.0,3.0,4.0,5.0,6.0,7.0,8.0,9.0,10.0,11.0,12.0,13.0,14.0,15.0,16.0,17.0,18.0,19.0	0.0,0.0,0.0,0.0,0.0,137.8667619125955,232.93770497435082,302.462248931597,355.51763930812695,397.33605370042346,431.1455801294513,459.04590056675266,482.4617209416764,502.3938222342563,519.5658183877393,534.5138950285165,547.6438028067793,559.2682463104674,569.6321093688605,578.9298959705251	2	hyperbolic	0	207,,
208	0.0,1.0,2.0,3.0,4.0,5.0,6.0,7.0,8.0,9.0,10.0,11.0,12.0,13.0,14.0,15.0,16.0,17.0,18.0,19.0	0.0,0.0,0.0,0.0,237.10344995203724,380.8629274002299,477.3347294611619,546.5554149237362,598.6427107719827,639.2572981856456,671.8136028886921,698.4934292028533,720.7561421937054,739.6148250508104,755.7947575138473,769.8288400964068,782.1174127191679,792.9670600289738,802.6165389954763,811.2545532648612	3	hyperbolic	0	208,,
209	0.0,1.0,2.0,3.0,4.0,5.0,6.0,7.0,8.0,9.0,10.0,11.0,12.0,13.0,14.0,15.0,16.0,17.0,18.0,19.0	0.0,0.0,0.0,101.27456812621513,173.05884064233814,226.59673667267393,268.0606830565604,301.12119366947024,328.0978799925932,350.52857169891155,369.47307856191,385.68553270447734,399.71718346988666,411.98032436184354,422.7894814206995,432.38877097129307,440.97055779477927,448.68847875439366,455.6667219075108,462.0067597137552	2	hyperbolic	0	209,,
210	0.0,1.0,2.0,3.0,4.0,5.0,6.0,7.0,8.0,9.0,10.0,11.0,12.0,13.0,14.0,15.0,16.0,17.0,18.0,19.0	0.0,156.23184028900977,263.15091561438396,340.92229325725475,400.03532828934726,446.4853976603748,483.94776794506964,514.800899711096,540.6520504829324,562.6264101397576,581.5352284859753,597.9781667776975,612.408057706868,625.1732523879924,636.5461106224668,646.7426507430295,655.9364020078617,664.2683615624346,671.8542767597602,678.7900551272816	3	hyperbolic	0	210,,
211	0.0,1.0,2.0,3.0,4.0,5.0,6.0,7.0,8.0,9.0,10.0,11.0,12.0,13.0,14.0,15.0,16.0,17.0,18.0,19.0	0.0,0.0,0.0,0.0,102.19223634722009,179.27333968786317,239.48619988835435,287.82181639234267,327.4789592074791,360.60236820811843,388.68385454499446,412.793193777763,433.71751093460836,452.04884698829676,468.24107052156967,482.647964414691,495.5493726319361,507.1695571883333,517.6903448050813,527.2607106565886	2	hyperbolic	0	211,,
212	0.0,1.0,2.0,3.0,4.0,5.0,6.0,7.0,8.0,9.0,10.0,11.0,12.0,13.0,14.0,15.0,16.0,17.0,18.0,19.0	0.0,0.0,0.0,0.0,303.47900043884005,435.5303527633464,509.4170850473319,556.6328309787672,589.4108517923478,613.4951377277289,631.9394768105338,646.517324318175,658.3291362563003,668.0939481500831,676.3014492093961,683.2966706697356,689.3297285472233,694.5863614473556,699.2073909781051,703.30152546774	3	hyperbolic	0	212,,
213	0.0,1.0,2.0,3.0,4.0,5.0,6.0,7.0,8.0,9.0,10.0,11.0,12.0,13.0,14.0,15.0,16.0,17.0,18.0,19.0	0.0,74.98103477284457,134.95000071987837,184.00503490650124,224.877024837352,259.45590142993893,289.0912074979354,314.77235409264676,337.2412360478004,357.0650761421984,374.68497361316696,390.44911302997554,404.6360052391353,417.47108469689994,429.13877808150244,439.79142312477205,449.55595675377776,458.5389973997841,466.8307539898561,474.5080659335905	2	hyperbolic	0	213,,
214	0.0,1.0,2.0,3.0,4.0,5.0,6.0,7.0,8.0,9.0,10.0,11.0,12.0,13.0,14.0,15.0,16.0,17.0,18.0,19.0	0.0,78.99985433142606,141.71136057033493,192.70127369447127,234.9750873115772,270.5916953718526,301.00886226572516,327.2876863274338,350.21892525486646,370.4039356068753,388.3081754428693,404.2975404940591,418.66363357474484,431.6417095859148,443.42365880505156,454.1675584947378,464.0048063996163,473.04552142184747,481.382683446713,489.09534287617464	2	hyperbolic	0	214,,
215	0.0,1.0,2.0,3.0,4.0,5.0,6.0,7.0,8.0,9.0,10.0,11.0,12.0,13.0,14.0,15.0,16.0,17.0,18.0,19.0	0.0,0.0,0.0,0.0,0.0,273.77022319777245,409.77454241903456,491.09745391058624,545.1966937100274,583.7823309098296,612.690623246727,635.1565445541843,653.1177614512785,667.8056925774042,680.0404070516356,690.3891476734821,699.2567912796313,706.9400631620636,713.6613885322508,719.5907784095922	3	hyperbolic	0	215,,
216	0.0,1.0,2.0,3.0,4.0,5.0,6.0,7.0,8.0,9.0,10.0,11.0,12.0,13.0,14.0,15.0,16.0,17.0,18.0,19.0	0.0,0.0,0.0,0.0,0.0,157.74578621944065,194.29382859738928,210.55495250542666,219.75080578485125,225.66425114214601,229.78658850239663,232.82454458624852,235.15625500131134,237.002349946723,238.50022739598856,239.73991942731877,240.78288356932634,241.67250574509498,242.44028785834618,243.10965601376714	1	hyperbolic	0	216,,
217	0.0,1.0,2.0,3.0,4.0,5.0,6.0,7.0,8.0,9.0,10.0,11.0,12.0,13.0,14.0,15.0,16.0,17.0,18.0,19.0	0.0,0.0,0.0,30.38869228638725,50.961215865998646,65.81244188230723,77.0376849583108,85.8204167116294,92.87961783964708,98.67729654186319,103.5238780375923,107.63565910331182,111.16797160492497,114.23524788797295,116.92365066743348,119.29929497870498,121.41375833754672,123.30786821765714,125.01436406459518,126.55980560943036	1	hyperbolic	0	217,,
218	0.0,1.0,2.0,3.0,4.0,5.0,6.0,7.0,8.0,9.0,10.0,11.0,12.0,13.0,14.0,15.0,16.0,17.0,18.0,19.0	0.0,69.12107966779553,122.77900066332627,165.64066610788987,200.666631347148,229.82564906021256,254.47789767093903,275.59326325669286,293.8819586170264,309.87597612048893,323.9816908322236,336.5148707187479,347.7245960323599,357.80998132349947,366.93210606806025,375.2226826035896,382.79045696024883,389.7260054800765,396.1053774826806,401.9928953745972	2	hyperbolic	0	218,,
219	0.0,1.0,2.0,3.0,4.0,5.0,6.0,7.0,8.0,9.0,10.0,11.0,12.0,13.0,14.0,15.0,16.0,17.0,18.0,19.0	0.0,94.817251841885,153.2615765021029,192.89420849445017,221.53855730733272,243.20806189221344,260.1737666360757,273.8172976386382,285.0274422924745,294.4019071716915,302.3574622956828,309.193590148744,315.13103257419806,320.3360730310984,324.9363549968774,329.03148941068866,332.7003496399382,336.0062010847408,339.0003799394079,341.7249783035488	2	hyperbolic	0	219,,
220	0.0,1.0,2.0,3.0,4.0,5.0,6.0,7.0,8.0,9.0,10.0,11.0,12.0,13.0,14.0,15.0,16.0,17.0,18.0,19.0	0.0,0.0,203.32732483732036,337.4545993488037,432.57158712253835,503.5365045332723,558.5120447312344,602.3549983568857,638.1359979792543,667.8914891596114,693.0253094383254,714.5366304153478,733.1559661267372,749.4297815630486,763.775020847036,776.5153337908109,787.9057876461875,798.1501192699724,807.413028941253,815.8291023926731	3	hyperbolic	0	220,,
221	0.0,1.0,2.0,3.0,4.0,5.0,6.0,7.0,8.0,9.0,10.0,11.0,12.0,13.0,14.0,15.0,16.0,17.0,18.0,19.0	0.0,0.0,0.0,0.0,30.94370864411168,55.91450392648489,76.48955296457106,93.7356683505334,108.40028986642047,121.0226762998713,132.00166676041871,141.63859270055158,150.16535974227534,157.76335310851275,164.5764843402919,170.72039345934797,176.28906641637076,181.35967694439844,185.9961848570953,190.2520481156055	1	hyperbolic	0	221,,
222	0.0,1.0,2.0,3.0,4.0,5.0,6.0,7.0,8.0,9.0,10.0,11.0,12.0,13.0,14.0,15.0,16.0,17.0,18.0,19.0	0.0,0.0,0.0,131.5692164207504,194.28246369845763,230.98213126758364,255.07364696901254,272.10183599364615,284.7758678945903,294.57648363307413,302.3813679144836,308.7437852039548,314.0297950159984,318.491255781775,322.3071374568999,325.60811015743684,328.4918080737176,331.0326489790755,333.28834779936545,335.304353766902	2	hyperbolic	0	222,,
223	0.0,1.0,2.0,3.0,4.0,5.0,6.0,7.0,8.0,9.0,10.0,11.0,12.0,13.0,14.0,15.0,16.0,17.0,18.0,19.0	0.0,0.0,0.0,0.0,39.24177472454839,70.85115949363464,96.85751298934572,118.6293242259281,137.12297854043916,153.02702170866064,166.8497868141467,178.97473207022364,189.6965674096478,199.24552525030032,207.8040792768904,215.51871755903517,222.50839664259985,228.87071925803616,234.68652003816823,240.0233181653652	1	hyperbolic	0	223,,
224	0.0,1.0,2.0,3.0,4.0,5.0,6.0,7.0,8.0,9.0,10.0,11.0,12.0,13.0,14.0,15.0,16.0,17.0,18.0,19.0	0.0,35.54249993850944,64.89525756403701,89.54567647633525,110.53993572065572,128.63530086060715,144.39341623318046,158.23964048435747,170.5020202517567,181.43761301358913,191.25070408277313,200.105687717369,208.13635087946145,215.45267959886593,222.14592638177598,228.29243582677876,233.9565695421891,239.19296842594278,244.04832107560748,248.56275969664665	1	hyperbolic	0	224,,
225	0.0,1.0,2.0,3.0,4.0,5.0,6.0,7.0,8.0,9.0,10.0,11.0,12.0,13.0,14.0,15.0,16.0,17.0,18.0,19.0	0.0,0.0,0.0,0.0,88.31845862232822,127.0210119016896,148.7490832888196,162.6614233220115,172.33225223227504,179.44469008520022,184.89536019502327,189.2057330739177,192.69975414380826,195.5892778243447,198.01868943969973,200.08978304483912,201.8763874612472,203.4333524844882,204.80227923647954,206.01529254827855	1	hyperbolic	0	225,,
226	0.0,1.0,2.0,3.0,4.0,5.0,6.0,7.0,8.0,9.0,10.0,11.0,12.0,13.0,14.0,15.0,16.0,17.0,18.0,19.0	0.0,0.0,0.0,0.0,75.03903456506177,132.25433462951872,177.32217355098314,213.73985909521863,243.77973596567242,268.9823221772045,290.4289692208704,308.90107237928135,324.97733200434385,339.09547501237967,351.5927176928308,362.73304853828904,372.7260818300301,381.7403715163116,389.912995734726,397.3565763562332	2	hyperbolic	0	226,,
227	0.0,1.0,2.0,3.0,4.0,5.0,6.0,7.0,8.0,9.0,10.0,11.0,12.0,13.0,14.0,15.0,16.0,17.0,18.0,19.0	0.0,0.0,315.84253652222736,469.61318003011587,560.5890378566891,620.7128674010153,663.4033374072526,695.2827556085002,719.9962957532742,739.7159711677599,755.816547666957,769.2105901738782,780.5276442313125,790.2160594017281,798.603803242645,805.936323091128,812.4009638543042,818.1431999502024,823.2777135864055,827.8961324447351	3	hyperbolic	0	227,,
228	0.0,1.0,2.0,3.0,4.0,5.0,6.0,7.0,8.0,9.0,10.0,11.0,12.0,13.0,14.0,15.0,16.0,17.0,18.0,19.0	0.0,0.0,0.0,0.0,0.0,157.51403086606436,271.921736110167,358.7884066474421,426.9904558500475,481.95987611339615,527.207218725628,565.1021494546562,597.30208979069,625.0011113251797,649.081276539818,670.2082992148614,688.8940434647568,705.5385404233468,720.4589482696283,733.9099560806536	3	hyperbolic	0	228,,
229	0.0,1.0,2.0,3.0,4.0,5.0,6.0,7.0,8.0,9.0,10.0,11.0,12.0,13.0,14.0,15.0,16.0,17.0,18.0,19.0	0.0,0.0,374.6842384415833,504.4666132263672,570.314775838358,610.1353408534421,636.8135286849326,655.9340197320489,670.3098970012131,681.5122467676186,690.4874609971504,697.8396521344038,703.9725615355459,709.1662719662685,713.6211833172541,717.4844679659427,720.8666423630284,723.8523103503707,726.5073372450956,728.8837655400403	3	hyperbolic	0	229,,
230	0.0,1.0,2.0,3.0,4.0,5.0,6.0,7.0,8.0,9.0,10.0,11.0,12.0,13.0,14.0,15.0,16.0,17.0,18.0,19.0	0.0,0.0,0.0,241.90734885758437,324.3577428867745,365.93181754354964,390.98903884865183,407.7411091252234,419.7301036930576,428.7345859615155,435.74563389343984,441.3592430710423,445.95535396343,449.787619502921,453.03184999143684,455.81374641061046,458.2255655987956,460.33654929298467,462.1996797095402,463.8561875276039	2	hyperbolic	0	230,,
231	0.0,1.0,2.0,3.0,4.0,5.0,6.0,7.0,8.0,9.0,10.0,11.0,12.0,13.0,14.0,15.0,16.0,17.0,18.0,19.0	0.0,0.0,0.0,17.136340736766034,31.383009943434445,43.41409315633075,53.7091403490121,62.618620249265796,70.40461325539704,77.26702323752565,83.36098378340792,88.80872705193414,93.70786694382977,98.13729981532425,102.16148562995902,105.83360546852668,109.19792504336057,112.29158778408997,115.1459919007708,117.78785984264292	1	hyperbolic	0	231,,
232	0.0,1.0,2.0,3.0,4.0,5.0,6.0,7.0,8.0,9.0,10.0,11.0,12.0,13.0,14.0,15.0,16.0,17.0,18.0,19.0	0.0,0.0,0.0,23.651843837411835,40.714908005358446,53.605783523253905,63.68801528039486,71.78934418392453,78.44134546952758,84.00101306624582,88.71699208759617,92.76778516618123,96.28485690399818,99.36717024000177,102.09064592039354,104.51449993377322,106.68559837385034,108.64151746006976,110.41273667357311,112.02423860400461	1	hyperbolic	0	232,,
233	0.0,1.0,2.0,3.0,4.0,5.0,6.0,7.0,8.0,9.0,10.0,11.0,12.0,13.0,14.0,15.0,16.0,17.0,18.0,19.0	0.0,0.0,0.0,82.79204696965903,145.6718530519039,195.05190080379592,234.85817684290384,267.62886540921073,295.07777679376005,318.4038970978465,338.47119935654223,355.9180127501604,371.22617193385435,384.766205676563,396.8277222476355,407.64035624413685,417.38852902027014,426.2220543105685,434.2638923289397,441.61590844801185	2	hyperbolic	0	233,,
234	0.0,1.0,2.0,3.0,4.0,5.0,6.0,7.0,8.0,9.0,10.0,11.0,12.0,13.0,14.0,15.0,16.0,17.0,18.0,19.0	0.0,0.0,0.0,0.0,10.255003125383247,18.732145374796392,25.856876515549853,31.928925539599696,37.16554427975908,41.72805071493817,45.73874137529298,49.29201722435505,52.46190822097677,55.30728693801175,57.87555894398295,60.2053250485515,62.32833476060808,64.27094176116748,66.05520346182655,67.6997222117539	1	hyperbolic	0	234,,
235	0.0,1.0,2.0,3.0,4.0,5.0,6.0,7.0,8.0,9.0,10.0,11.0,12.0,13.0,14.0,15.0,16.0,17.0,18.0,19.0	0.0,28.999404689804187,49.4885867387985,64.734345581408,76.52113105339139,85.90617352814918,93.55568663887732,99.91033928639766,105.27325459991569,109.85979055610886,113.82715996207237,117.29281314902121,120.34626135010929,123.05691806878654,125.47943990356569,127.65745018194583,129.62618925316673,131.41443585060003,133.04592316915898,134.54039817614841	1	hyperbolic	0	235,,
236	0.0,1.0,2.0,3.0,4.0,5.0,6.0,7.0,8.0,9.0,10.0,11.0,12.0,13.0,14.0,15.0,16.0,17.0,18.0,19.0	0.0,61.14912464457451,109.04735891967559,147.580808543702,179.25132250260538,205.74244584299544,228.22869359639927,247.5544159157448,264.3421950215581,279.06116794822935,292.07155649351057,303.65454067003844,314.03281099393575,323.38502501624737,331.8561780563748,339.56517474620125,346.6104448976312,353.07416869786175,359.0254970795245,364.5230354291401	2	hyperbolic	0	236,,
237	0.0,1.0,2.0,3.0,4.0,5.0,6.0,7.0,8.0,9.0,10.0,11.0,12.0,13.0,14.0,15.0,16.0,17.0,18.0,19.0	0.0,62.404966850165536,110.54617120962943,148.8123995843248,179.95942306748086,205.8048891735704,227.5962093679699,246.21791550316425,262.31466868071493,276.3674080140421,288.74222245214565,299.7227026815126,309.53194049729314,318.34784486893847,326.3140292940723,333.54769576387474,340.1454394537843,346.1875869747313,351.74148293309605,356.8640106944839	2	hyperbolic	0	237,,
238	0.0,1.0,2.0,3.0,4.0,5.0,6.0,7.0,8.0,9.0,10.0,11.0,12.0,13.0,14.0,15.0,16.0,17.0,18.0,19.0	0.0,0.0,37.161104805350796,55.078372984190736,65.62551074728489,72.57425108565207,77.49774860090479,81.16878726293655,84.01134825013077,86.27744942093031,88.12630258363907,89.66343212255558,90.96154534435021,92.07236943107743,93.03370968950466,93.87383795128024,94.61431946218183,95.27189020180293,95.85973703219994,96.3883911361679	1	hyperbolic	0	238,,
239	0.0,1.0,2.0,3.0,4.0,5.0,6.0,7.0,8.0,9.0,10.0,11.0,12.0,13.0,14.0,15.0,16.0,17.0,18.0,19.0	0.0,0.0,0.0,17.590080587069274,32.04384724699885,44.13144898411942,54.38995721209833,63.20533695825263,70.86209724849549,77.57457178390067,83.50729855349293,88.78868717810752,93.52041899665493,97.7840574009949,101.64578882391713,105.15988336183005,108.37126106572383,111.31742240937031,114.02991943284191,116.53549020191787	1	hyperbolic	0	239,,
240	0.0,1.0,2.0,3.0,4.0,5.0,6.0,7.0,8.0,9.0,10.0,11.0,12.0,13.0,14.0,15.0,16.0,17.0,18.0,19.0	0.0,0.0,28.52604276885558,46.11148131534247,58.037625490837755,66.65770661638571,73.17909395334543,78.28505164245315,82.39128298477543,85.76522056323945,88.58671974663238,90.98119494825644,93.03876913827624,94.82587164663161,96.39254438043248,97.7772015388176,99.00982145832167,100.11414177020845,101.10920300536652,102.01045563282828	1	hyperbolic	0	240,,
241	0.0,1.0,2.0,3.0,4.0,5.0,6.0,7.0,8.0,9.0,10.0,11.0,12.0,13.0,14.0,15.0,16.0,17.0,18.0,19.0	0.0,0.0,0.0,49.523829678795124,80.18684810046246,101.04006405399888,116.14186324463512,127.58328829488467,136.55129435353064,143.7697025970013,149.70501000334818,154.67140672846497,158.88824384774293,162.5133067104649,165.66299843086242,168.42507170374185,170.8669325490352,173.04121428337214,174.98961428575186,176.74559402828353	1	hyperbolic	0	241,,
242	0.0,1.0,2.0,3.0,4.0,5.0,6.0,7.0,8.0,9.0,10.0,11.0,12.0,13.0,14.0,15.0,16.0,17.0,18.0,19.0	0.0,0.0,652.867673117623,688.2802479132018,700.9538631698315,707.4673209213655,711.4338252009798,714.1029637633694,716.02178630137,717.467684055944,718.5963147647501,719.5017791596447,720.2443126625656,720.8642623292908,721.3896693174589,721.840628133961,722.2319154162439,722.5746399375257,722.877314160249,723.1465708667902	3	hyperbolic	0	242,,
243	0.0,1.0,2.0,3.0,4.0,5.0,6.0,7.0,8.0,9.0,10.0,11.0,12.0,13.0,14.0,15.0,16.0,17.0,18.0,19.0	0.0,0.0,137.47686990753635,184.62981732599982,208.4633033742229,222.84671717372387,232.47063050722957,239.3620632716305,244.54007993863706,248.57303518718987,251.8029396728616,254.44793298681495,256.653707678301,258.5212793279586,260.1228925207297,261.5115830740711,262.7271642836414,263.80010584124693,264.7541229391408,265.60794965514174	1	hyperbolic	0	243,,
244	0.0,1.0,2.0,3.0,4.0,5.0,6.0,7.0,8.0,9.0,10.0,11.0,12.0,13.0,14.0,15.0,16.0,17.0,18.0,19.0	0.0,0.0,0.0,0.0,0.0,320.70101145077683,377.00931592185106,400.44592318952846,413.2919740339657,421.40297794311385,426.98952682188633,431.07147277547745,434.18451940325104,436.6370387722848,438.6190934504085,440.2542088124922,441.62614653568045,442.79371312844705,443.79940933609447,444.6747153157438	2	hyperbolic	0	244,,
245	0.0,1.0,2.0,3.0,4.0,5.0,6.0,7.0,8.0,9.0,10.0,11.0,12.0,13.0,14.0,15.0,16.0,17.0,18.0,19.0	0.0,0.0,0.0,0.0,62.05903526803538,82.66837966415946,92.95867466289383,99.12825865894774,103.23940268422061,106.17499821434453,108.3761832466855,110.08791296413585,111.45710583987439,112.57722836667904,113.51057706369481,114.30027206945789,114.97710857665112,115.5636666743515,116.07687946242463,116.52969447536546	1	hyperbolic	0	245,,
246	0.0,1.0,2.0,3.0,4.0,5.0,6.0,7.0,8.0,9.0,10.0,11.0,12.0,13.0,14.0,15.0,16.0,17.0,18.0,19.0	0.0,0.0,0.0,0.0,144.0769515949906,247.0938560950667,324.4139215232567,384.58579101908794,432.74474872959433,472.1617307667469,505.0189820732384,532.8282091289345,556.6697527568392,577.3362056186006,595.4222332192764,611.3827266622346,625.5715903731506,638.268292575853,649.6964577342773,660.0371513836254	3	hyperbolic	0	246,,
247	0.0,1.0,2.0,3.0,4.0,5.0,6.0,7.0,8.0,9.0,10.0,11.0,12.0,13.0,14.0,15.0,16.0,17.0,18.0,19.0	0.0,0.0,42.87778135374363,75.97792960233956,102.30260881009,123.73903374144419,141.53308663340033,156.54041474706207,169.36812186969212,180.45890292178746,190.14316912119833,198.67252436523762,206.24193876079505,213.00483440623495,219.08359292276873,224.57702767468385,229.56579663649322,234.1163889812765,238.2841054030838,242.11531653735813	1	hyperbolic	0	247,,
248	0.0,1.0,2.0,3.0,4.0,5.0,6.0,7.0,8.0,9.0,10.0,11.0,12.0,13.0,14.0,15.0,16.0,17.0,18.0,19.0	0.0,0.0,0.0,0.0,87.82170166256864,130.1735491913879,155.10688141667973,171.53468624693724,183.17503528339546,191.85453850329438,198.57541681097865,203.9334282696667,208.3049565244875,211.9394735521518,215.00887228550638,217.63544752007365,219.90858118111467,221.89511651936692,223.6460410469988,225.2009247249952	1	hyperbolic	0	248,,
249	0.0,1.0,2.0,3.0,4.0,5.0,6.0,7.0,8.0,9.0,10.0,11.0,12.0,13.0,14.0,15.0,16.0,17.0,18.0,19.0	0.0,0.0,0.0,0.0,0.0,104.18072645971681,178.2196276548226,233.5445921728436,276.4546986356408,310.7072046026097,338.6821623938976,361.9604597608826,381.6332688979542,398.47804229160926,413.0636981220968,425.81614474426885,437.06055951038525,447.0495059696089,455.9821309672531,464.0175773659938	2	hyperbolic	0	249,,
250	0.0,1.0,2.0,3.0,4.0,5.0,6.0,7.0,8.0,9.0,10.0,11.0,12.0,13.0,14.0,15.0,16.0,17.0,18.0,19.0	0.39150953823700324,0.39150953823700324,0.39150953823700324,0.3937620649945725,0.39578846675504564,0.39758512681721847,0.3991488280434391,0.40047676245831954,0.40156653965072553,0.4024161939438552,0.4030241903033048,0.4033894289582655,0.40351124871637895,0.4033894289582655,0.4030241903033048,0.4024161939438552,0.40156653965072553,0.40047676245831954,0.3991488280434391,0.39758512681721847	1	norm	0	250,,
251	0.0,1.0,2.0,3.0,4.0,5.0,6.0,7.0,8.0,9.0,10.0,11.0,12.0,13.0,14.0,15.0,16.0,17.0,18.0,19.0	-0.05387373791302644,-0.05387373791302644,-0.054020439012309525,-0.054152036471461565,-0.05426841807707624,-0.05436948443780157,-0.05445514912579393,-0.05452533879988819,-0.05457999331023821,-0.054619065784218664,-0.05464252269341656,-0.054650343901578316,-0.05464252269341656,-0.054619065784218664,-0.05457999331023821,-0.05452533879988819,-0.05445514912579393,-0.05436948443780157,-0.05426841807707624,-0.054152036471461565	1	norm	0	251,,
252	0.0,1.0,2.0,3.0,4.0,5.0,6.0,7.0,8.0,9.0,10.0,11.0,12.0,13.0,14.0,15.0,16.0,17.0,18.0,19.0	-0.07124621598083897,-0.07124621598083897,-0.07124621598083897,-0.07124621598083897,-0.07141340060229755,-0.07156331935609223,-0.07169586195184205,-0.0718109307531896,-0.07190844089766175,-0.07198832040096985,-0.07205051024556966,-0.07209496445332879,-0.07212165014217618,-0.07213054756663606,-0.07212165014217618,-0.07209496445332879,-0.07205051024556966,-0.07198832040096985,-0.07190844089766175,-0.0718109307531896	1	norm	0	252,,
253	0.0,1.0,2.0,3.0,4.0,5.0,6.0,7.0,8.0,9.0,10.0,11.0,12.0,13.0,14.0,15.0,16.0,17.0,18.0,19.0	0.48659959829693095,0.48659959829693095,0.488292909843675,0.4898129722387486,0.4911581329520532,0.4923269267203928,0.4933180782072487,0.4941305043217928,0.49476331619123465,0.49521582078147525,0.495487522161931,0.4955781224112965,0.495487522161931,0.49521582078147525,0.49476331619123465,0.4941305043217928,0.4933180782072487,0.4923269267203928,0.4911581329520532,0.4898129722387486	1	norm	0	253,,
254	0.0,1.0,2.0,3.0,4.0,5.0,6.0,7.0,8.0,9.0,10.0,11.0,12.0,13.0,14.0,15.0,16.0,17.0,18.0,19.0	-0.05232713163667565,-0.05232713163667565,-0.05238804624444011,-0.05244260889348737,-0.05249079959782863,-0.052532600693919365,-0.05256799685144942,-0.052596975082713014,-0.05261952475055106,-0.052635637574858465,-0.05264530763765138,-0.05264853138668961,-0.05264530763765138,-0.052635637574858465,-0.05261952475055106,-0.052596975082713014,-0.05256799685144942,-0.052532600693919365,-0.05249079959782863,-0.05244260889348737	1	norm	0	254,,
255	0.0,1.0,2.0,3.0,4.0,5.0,6.0,7.0,8.0,9.0,10.0,11.0,12.0,13.0,14.0,15.0,16.0,17.0,18.0,19.0	1.2789768224391957,1.2789768224391957,1.2789768224391957,1.2789768224391957,1.3773743126342006,1.4718140232127612,1.560506369844522,1.6416849131881297,1.713664186368705,1.7748975344475943,1.824032212706603,1.8599590110027697,1.8818538651241148,1.8892092761454136,1.8818538651241148,1.8599590110027697,1.824032212706603,1.7748975344475943,1.713664186368705,1.6416849131881297	1	norm	0	255,,
256	0.0,1.0,2.0,3.0,4.0,5.0,6.0,7.0,8.0,9.0,10.0,11.0,12.0,13.0,14.0,15.0,16.0,17.0,18.0,19.0	-2.038610443823664,-2.2190989310453655,-2.3940925447393475,-2.559923898941285,-2.712907748987732,-2.8494749790943983,-2.9663098931123892,-3.0604835051427157,-3.1295753808439484,-3.1717769656523886,-3.185970245612524,-3.1717769656523886,-3.1295753808439484,-3.0604835051427157,-2.9663098931123892,-2.8494749790943983,-2.712907748987732,-2.559923898941285,-2.3940925447393475,-2.2190989310453655	1	norm	0	256,,
257	0.0,1.0,2.0,3.0,4.0,5.0,6.0,7.0,8.0,9.0,10.0,11.0,12.0,13.0,14.0,15.0,16.0,17.0,18.0,19.0	0.37767811405636537,0.37767811405636537,0.37767811405636537,0.37767811405636537,0.37767811405636537,0.37767811405636537,0.38336268428059905,0.3885213655382993,0.393130760374423,0.39716978055361774,0.4006198077190301,0.4034648363291035,0.4056915973371793,0.40728966127673855,0.40825151963172235,0.40857264360361883,0.40825151963172235,0.40728966127673855,0.4056915973371793,0.4034648363291035	1	norm	0	257,,
258	0.0,1.0,2.0,3.0,4.0,5.0,6.0,7.0,8.0,9.0,10.0,11.0,12.0,13.0,14.0,15.0,16.0,17.0,18.0,19.0	0.1511519861550506,0.1511519861550506,0.1511519861550506,0.1511519861550506,0.15136902716330733,0.15156348590662178,0.15173527459882047,0.1518843156251698,0.1520105416008171,0.15211389542156528,0.15219433030692664,0.15225180983541117,0.15228630797201176,0.15229780908785706,0.15228630797201176,0.15225180983541117,0.15219433030692664,0.15211389542156528,0.1520105416008171,0.1518843156251698	1	norm	0	258,,
259	0.0,1.0,2.0,3.0,4.0,5.0,6.0,7.0,8.0,9.0,10.0,11.0,12.0,13.0,14.0,15.0,16.0,17.0,18.0,19.0	-0.27853168729567257,-0.2789859926825935,-0.27939310452344446,-0.2797528141791753,-0.28006493713433267,-0.28032931315479753,-0.2805458064248758,-0.28071430566357725,-0.2808347242199437,-0.280907000147312,-0.280931096256423,-0.280907000147312,-0.2808347242199437,-0.28071430566357725,-0.2805458064248758,-0.28032931315479753,-0.28006493713433267,-0.2797528141791753,-0.27939310452344446,-0.2789859926825935	1	norm	0	259,,
260	0.0,1.0,2.0,3.0,4.0,5.0,6.0,7.0,8.0,9.0,10.0,11.0,12.0,13.0,14.0,15.0,16.0,17.0,18.0,19.0	-0.5413593553494884,-0.5413593553494884,-0.5413593553494884,-0.5413593553494884,-0.545198623083672,-0.5486568310861285,-0.5517264028944909,-0.5544005863381404,-0.5566734782848841,-0.5585400463527926,-0.5599961474754327,-0.5610385432246325,-0.5616649118114655,-0.5618738567032011,-0.5616649118114655,-0.5610385432246325,-0.5599961474754327,-0.5585400463527926,-0.5566734782848841,-0.5544005863381404	1	norm	0	260,,
261	0.0,1.0,2.0,3.0,4.0,5.0,6.0,7.0,8.0,9.0,10.0,11.0,12.0,13.0,14.0,15.0,16.0,17.0,18.0,19.0	-1.048360490342756e-14,-1.048360490342756e-14,-1.048360490342756e-14,-1.048360490342756e-14,-1.048360490342756e-14,-8.934921892804669e-12,-3.742732238343555e-09,-7.705567662731091e-07,-7.797195101552122e-05,-0.003877841435400755,-0.09478935651357631,-1.1387987606662862,-6.724380487635775,-19.515310041130913,-27.836620841836908,-19.515310041130913,-6.724380487635775,-1.1387987606662862,-0.09478935651357631,-0.003877841435400755	1	norm	0	261,,
262	0.0,1.0,2.0,3.0,4.0,5.0,6.0,7.0,8.0,9.0,10.0,11.0,12.0,13.0,14.0,15.0,16.0,17.0,18.0,19.0	0.11925123786602664,0.11925123786602664,0.11925123786602664,0.11925123786602664,0.11951478392551614,0.11975108195770022,0.1199599681736845,0.12014129760451835,0.12029494426886356,0.12042080131886167,0.12051878116396281,0.1205888155725161,0.12063085575095586,0.12064487240045534,0.12063085575095586,0.1205888155725161,0.12051878116396281,0.12042080131886167,0.12029494426886356,0.12014129760451835	1	norm	0	262,,
263	0.0,1.0,2.0,3.0,4.0,5.0,6.0,7.0,8.0,9.0,10.0,11.0,12.0,13.0,14.0,15.0,16.0,17.0,18.0,19.0	-1.738755191709099,-1.738755191709099,-1.738755191709099,-1.738755191709099,-1.738755191709099,-1.738755191709099,-2.176242791105881,-2.660212724353384,-3.175890371235012,-3.7030088831693075,-4.216810847187347,-4.689792222250646,-5.094049947160558,-5.403969770615057,-5.598900353113309,-5.6654274255352925,-5.598900353113309,-5.403969770615057,-5.094049947160558,-4.689792222250646	1	norm	0	263,,
264	0.0,1.0,2.0,3.0,4.0,5.0,6.0,7.0,8.0,9.0,10.0,11.0,12.0,13.0,14.0,15.0,16.0,17.0,18.0,19.0	0.22057545742936574,0.22057545742936574,0.22057545742936574,0.22057545742936574,0.22124829353823813,0.22185204431252242,0.2223861336353921,0.22285005098496607,0.22324335224753414,0.22356566042606824,0.22381666624243712,0.22399612863197707,0.22410387512931287,0.2241398021445633,0.22410387512931287,0.22399612863197707,0.22381666624243712,0.22356566042606824,0.22324335224753414,0.22285005098496607	1	norm	0	264,,
265	0.0,1.0,2.0,3.0,4.0,5.0,6.0,7.0,8.0,9.0,10.0,11.0,12.0,13.0,14.0,15.0,16.0,17.0,18.0,19.0	0.24841687620612365,0.24841687620612365,0.24841687620612365,0.24865704343268252,0.24887212670797276,0.24906206056237004,0.24922678715009253,0.2493662562785621,0.2494804254338932,0.24956925980249092,0.24963273228874328,0.2496708235287949,0.24968352190039256,0.2496708235287949,0.24963273228874328,0.24956925980249092,0.2494804254338932,0.2493662562785621,0.24922678715009253,0.24906206056237004	1	norm	0	265,,
266	0.0,1.0,2.0,3.0,4.0,5.0,6.0,7.0,8.0,9.0,10.0,11.0,12.0,13.0,14.0,15.0,16.0,17.0,18.0,19.0	0.2723362728894735,0.2723362728894735,0.2723362728894735,0.2731101564972861,0.27380444254759767,0.2744185134648586,0.27495182214948316,0.27540389279014527,0.27577432157122533,0.27606277727393363,0.2762690017698595,0.27639281040591557,0.2764340922798732,0.27639281040591557,0.2762690017698595,0.27606277727393363,0.27577432157122533,0.27540389279014527,0.27495182214948316,0.2744185134648586	1	norm	0	266,,
267	0.0,1.0,2.0,3.0,4.0,5.0,6.0,7.0,8.0,9.0,10.0,11.0,12.0,13.0,14.0,15.0,16.0,17.0,18.0,19.0	-0.39537875986478654,-0.39745282383286296,-0.3993177860090261,-0.4009706067474959,-0.402408584148568,-0.40362936141837386,-0.4046309333053872,-0.4054116515890709,-0.4059702295996386,-0.4063057457515786,-0.4064176460773618,-0.4063057457515786,-0.4059702295996386,-0.4054116515890709,-0.4046309333053872,-0.40362936141837386,-0.402408584148568,-0.4009706067474959,-0.3993177860090261,-0.39745282383286296	1	norm	0	267,,
268	0.0,1.0,2.0,3.0,4.0,5.0,6.0,7.0,8.0,9.0,10.0,11.0,12.0,13.0,14.0,15.0,16.0,17.0,18.0,19.0	-0.06658835312406564,-0.06670663772610036,-0.06681264940976743,-0.06690632903291867,-0.06698762428095369,-0.0670564897155076,-0.06711288681677645,-0.06715678401942494,-0.06718815674202964,-0.06720698741001932,-0.06721326547208228,-0.06720698741001932,-0.06718815674202964,-0.06715678401942494,-0.06711288681677645,-0.0670564897155076,-0.06698762428095369,-0.06690632903291867,-0.06681264940976743,-0.06670663772610036	1	norm	0	268,,
269	0.0,1.0,2.0,3.0,4.0,5.0,6.0,7.0,8.0,9.0,10.0,11.0,12.0,13.0,14.0,15.0,16.0,17.0,18.0,19.0	0.37156488984124164,0.37156488984124164,0.37156488984124164,0.37156488984124164,0.4844576303521315,0.6142545631194399,0.7573775751756234,0.9081298536565385,1.058899939176866,1.2006968017133666,1.3239855467242898,1.4197261915496158,1.480462477290494,1.5012799157419279,1.480462477290494,1.4197261915496158,1.3239855467242898,1.2006968017133666,1.058899939176866,0.9081298536565385	1	norm	0	269,,
270	0.0,1.0,2.0,3.0,4.0,5.0,6.0,7.0,8.0,9.0,10.0,11.0,12.0,13.0,14.0,15.0,16.0,17.0,18.0,19.0	-0.2148736907184559,-0.2148736907184559,-0.2148736907184559,-0.2148736907184559,-0.2148736907184559,-0.21515994668439076,-0.21541639367942755,-0.21564292426037782,-0.21583944344691447,-0.21600586878794104,-0.2161421304192438,-0.21624817111237044,-0.21632394631468713,-0.21636942418057453,-0.21638458559373314,-0.21636942418057453,-0.21632394631468713,-0.21624817111237044,-0.2161421304192438,-0.21600586878794104	1	norm	0	270,,
271	0.0,1.0,2.0,3.0,4.0,5.0,6.0,7.0,8.0,9.0,10.0,11.0,12.0,13.0,14.0,15.0,16.0,17.0,18.0,19.0	-0.4330025940127062,-0.4330025940127062,-0.4330025940127062,-0.4362406320943914,-0.4391583438987171,-0.4417489971076286,-0.44400658858337727,-0.445925867544901,-0.447502355915618,-0.4487323657322756,-0.4496130135201316,-0.4501422315560444,-0.45031877595789455,-0.4501422315560444,-0.4496130135201316,-0.4487323657322756,-0.447502355915618,-0.445925867544901,-0.44400658858337727,-0.4417489971076286	1	norm	0	271,,
272	0.0,1.0,2.0,3.0,4.0,5.0,6.0,7.0,8.0,9.0,10.0,11.0,12.0,13.0,14.0,15.0,16.0,17.0,18.0,19.0	-0.39491331434516613,-0.39491331434516613,-0.39491331434516613,-0.39491331434516613,-0.3953386626620293,-0.39571962578802616,-0.396056074577914,-0.3963478949075505,-0.3965949877384088,-0.3967972691735957,-0.39695467050532657,-0.3970671382538193,-0.39713463419757816,-0.3971571353950416,-0.39713463419757816,-0.3970671382538193,-0.39695467050532657,-0.3967972691735957,-0.3965949877384088,-0.3963478949075505	1	norm	0	272,,
273	0.0,1.0,2.0,3.0,4.0,5.0,6.0,7.0,8.0,9.0,10.0,11.0,12.0,13.0,14.0,15.0,16.0,17.0,18.0,19.0	-0.5413064098624117,-0.5413064098624117,-0.5413064098624117,-0.5483107804004294,-0.5546546402066495,-0.5603130888136876,-0.565263750484175,-0.5694869215769014,-0.5729657011702042,-0.5756861037309882,-0.5776371527783838,-0.5788109546642691,-0.5792027517766746,-0.5788109546642691,-0.5776371527783838,-0.5756861037309882,-0.5729657011702042,-0.5694869215769014,-0.565263750484175,-0.5603130888136876	1	norm	0	273,,
274	0.0,1.0,2.0,3.0,4.0,5.0,6.0,7.0,8.0,9.0,10.0,11.0,12.0,13.0,14.0,15.0,16.0,17.0,18.0,19.0	-0.6246839261651216,-0.6246839261651216,-0.6246839261651216,-0.6246839261651216,-0.6246839261651216,-0.6246839261651216,-1.0001519839796886,-1.523895842138215,-2.20967387558416,-3.04919144020133,-4.004283489346195,-5.004360121668579,-5.95190384771059,-6.736694797382463,-7.256403960883884,-7.438401986956203,-7.256403960883884,-6.736694797382463,-5.95190384771059,-5.004360121668579	1	norm	0	274,,
275	0.0,1.0,2.0,3.0,4.0,5.0,6.0,7.0,8.0,9.0,10.0,11.0,12.0,13.0,14.0,15.0,16.0,17.0,18.0,19.0	-1.3154547641571568,-1.3154547641571568,-1.3154547641571568,-1.3982682295623583,-1.47677405700388,-1.5496963533774013,-1.6158020703737306,-1.6739354310649983,-1.7230514116427003,-1.762246928980206,-1.7907884362226762,-1.8081347492803768,-1.8139541121430827,-1.8081347492803768,-1.7907884362226762,-1.762246928980206,-1.7230514116427003,-1.6739354310649983,-1.6158020703737306,-1.5496963533774013	1	norm	0	275,,
276	0.0,1.0,2.0,3.0,4.0,5.0,6.0,7.0,8.0,9.0,10.0,11.0,12.0,13.0,14.0,15.0,16.0,17.0,18.0,19.0	-0.24247677625140968,-0.24362149192647417,-0.24465029123583543,-0.24556166267406054,-0.24635426367769514,-0.24702692392087947,-0.24757864819491993,-0.24800861886189934,-0.2483161978738575,-0.24850092835056356,-0.2485625357104174,-0.24850092835056356,-0.2483161978738575,-0.24800861886189934,-0.24757864819491993,-0.24702692392087947,-0.24635426367769514,-0.24556166267406054,-0.24465029123583543,-0.24362149192647417	1	norm	0	276,,
277	0.0,1.0,2.0,3.0,4.0,5.0,6.0,7.0,8.0,9.0,10.0,11.0,12.0,13.0,14.0,15.0,16.0,17.0,18.0,19.0	-0.006573606050545917,-0.006573606050545917,-0.00659826267373938,-0.0066204022456894576,-0.006639998845066907,-0.006657029479215169,-0.006671474129105581,-0.00668331578855144,-0.006692540497573377,-0.00669913736982442,-0.0067030986139993195,-0.006704419549169205,-0.0067030986139993195,-0.00669913736982442,-0.006692540497573377,-0.00668331578855144,-0.006671474129105581,-0.006657029479215169,-0.006639998845066907,-0.0066204022456894576	1	norm	0	277,,
278	0.0,1.0,2.0,3.0,4.0,5.0,6.0,7.0,8.0,9.0,10.0,11.0,12.0,13.0,14.0,15.0,16.0,17.0,18.0,19.0	0.6918618069527437,0.6918618069527437,0.6918618069527437,0.6918618069527437,0.6951864055823365,0.6981745858850694,0.7008218803611304,0.7031243203745582,0.7050784460670576,0.7066813150215455,0.7079305096450591,0.7088241432450993,0.7093608647780302,0.7095398622528071,0.7093608647780302,0.7088241432450993,0.7079305096450591,0.7066813150215455,0.7050784460670576,0.7031243203745582	1	norm	0	278,,
279	0.0,1.0,2.0,3.0,4.0,5.0,6.0,7.0,8.0,9.0,10.0,11.0,12.0,13.0,14.0,15.0,16.0,17.0,18.0,19.0	-0.06832721628932557,-0.06832721628932557,-0.06832721628932557,-0.06832721628932557,-0.06832721628932557,-0.06964954870498548,-0.07085436569226826,-0.07193473543627697,-0.07288437188561901,-0.07369769563365959,-0.07436988849879134,-0.0748969410569708,-0.07527569247058082,-0.07550386206011506,-0.07558007217750064,-0.07550386206011506,-0.07527569247058082,-0.0748969410569708,-0.07436988849879134,-0.07369769563365959	1	norm	0	279,,
280	0.0,1.0,2.0,3.0,4.0,5.0,6.0,7.0,8.0,9.0,10.0,11.0,12.0,13.0,14.0,15.0,16.0,17.0,18.0,19.0	0.6324550278968551,0.6324550278968551,0.6324550278968551,0.6324550278968551,0.6324550278968551,0.6324550278968551,0.6414601554266943,0.6496260043841836,0.6569174492357521,0.6633028677092064,0.6687543691795668,0.6732479975707426,0.6767639067079099,0.6792865063246895,0.6808045772220905,0.681311354388942,0.6808045772220905,0.6792865063246895,0.6767639067079099,0.6732479975707426	1	norm	0	280,,
281	0.0,1.0,2.0,3.0,4.0,5.0,6.0,7.0,8.0,9.0,10.0,11.0,12.0,13.0,14.0,15.0,16.0,17.0,18.0,19.0	-0.0761603016567832,-0.0761603016567832,-0.0761603016567832,-0.07623736666964129,-0.07630638567332651,-0.07636733668228946,-0.0764202002699357,-0.07646495957894506,-0.07650160033023039,-0.0765301108305295,-0.07655048197862455,-0.07656270727018386,-0.07656678280122328,-0.07656270727018386,-0.07655048197862455,-0.0765301108305295,-0.07650160033023039,-0.07646495957894506,-0.0764202002699357,-0.07636733668228946	1	norm	0	281,,
282	0.0,1.0,2.0,3.0,4.0,5.0,6.0,7.0,8.0,9.0,10.0,11.0,12.0,13.0,14.0,15.0,16.0,17.0,18.0,19.0	-0.20983345987915106,-0.20983345987915106,-0.20983345987915106,-0.20983345987915106,-0.20983345987915106,-0.21014753255702903,-0.21042894340593088,-0.21067756002669866,-0.21089326535073571,-0.211075957731877,-0.21122555102621537,-0.21134197465979612,-0.21142517368410566,-0.21147510881929255,-0.21149175648507385,-0.21147510881929255,-0.21142517368410566,-0.21134197465979612,-0.21122555102621537,-0.211075957731877	1	norm	0	282,,
283	0.0,1.0,2.0,3.0,4.0,5.0,6.0,7.0,8.0,9.0,10.0,11.0,12.0,13.0,14.0,15.0,16.0,17.0,18.0,19.0	0.009548711592730824,0.009548711592730824,0.009548711592730824,0.009548711592730824,0.009548711592730824,0.009566898988668898,0.00958320128359585,0.009597608729512432,0.0096101127022023,0.009620705709835416,0.009629381400448812,0.009636134568294277,0.009640961159044099,0.009643858273847537,0.009644824172232386,0.009643858273847537,0.009640961159044099,0.009636134568294277,0.009629381400448812,0.009620705709835416	1	norm	0	283,,
284	0.0,1.0,2.0,3.0,4.0,5.0,6.0,7.0,8.0,9.0,10.0,11.0,12.0,13.0,14.0,15.0,16.0,17.0,18.0,19.0	0.43411262434565606,0.43411262434565606,0.43411262434565606,0.43411262434565606,0.43411262434565606,0.43411262434565606,0.43488156905952935,0.4355707266743953,0.4361797138084717,0.4367081913411327,0.43715586472762524,0.4375224842726574,0.43780784536250056,0.4380117886553063,0.43813420022938737,0.4381750116892712,0.43813420022938737,0.4380117886553063,0.43780784536250056,0.4375224842726574	1	norm	0	284,,
285	0.0,1.0,2.0,3.0,4.0,5.0,6.0,7.0,8.0,9.0,10.0,11.0,12.0,13.0,14.0,15.0,16.0,17.0,18.0,19.0	0.5917999783178208,0.5917999783178208,0.5917999783178208,0.5917999783178208,0.5955622949288903,0.5989488481888238,0.6019529718298725,0.6045687310034681,0.6067909418158356,0.6086151884459503,0.6100378377667226,0.6110560514016496,0.6116677951609321,0.6118718458131481,0.6116677951609321,0.6110560514016496,0.6100378377667226,0.6086151884459503,0.6067909418158356,0.6045687310034681	1	norm	0	285,,
286	0.0,1.0,2.0,3.0,4.0,5.0,6.0,7.0,8.0,9.0,10.0,11.0,12.0,13.0,14.0,15.0,16.0,17.0,18.0,19.0	0.17568985019817823,0.17568985019817823,0.17568985019817823,0.17568985019817823,0.17568985019817823,0.17568985019817823,0.36201930495309853,0.6912986825536748,1.2233442062816942,2.0062292182907373,3.049027728649939,4.29428771072101,5.60492549006954,6.779497272906463,7.599308553013676,7.894045182124336,7.599308553013676,6.779497272906463,5.60492549006954,4.29428771072101	1	norm	0	286,,
287	0.0,1.0,2.0,3.0,4.0,5.0,6.0,7.0,8.0,9.0,10.0,11.0,12.0,13.0,14.0,15.0,16.0,17.0,18.0,19.0	1.0503057456782967,1.0503057456782967,1.085490970210676,1.1179704466248535,1.1474349278748206,1.1735982208471418,1.1962018055195691,1.2150190832285588,1.2298591565246288,1.2405700524900725,1.2470413134263427,1.249205893157597,1.2470413134263427,1.2405700524900725,1.2298591565246288,1.2150190832285588,1.1962018055195691,1.1735982208471418,1.1474349278748206,1.1179704466248535	1	norm	0	287,,
288	0.0,1.0,2.0,3.0,4.0,5.0,6.0,7.0,8.0,9.0,10.0,11.0,12.0,13.0,14.0,15.0,16.0,17.0,18.0,19.0	0.22691809296842852,0.22691809296842852,0.22691809296842852,0.22691809296842852,0.22691809296842852,0.22691809296842852,0.22721054263004803,0.22747252758501801,0.22770394163282454,0.2279046908973973,0.22807469389057647,0.22821388156723973,0.22832219737203693,0.22839959727768774,0.22844604981480704,0.2284615360932285,0.22844604981480704,0.22839959727768774,0.22832219737203693,0.22821388156723973	1	norm	0	288,,
289	0.0,1.0,2.0,3.0,4.0,5.0,6.0,7.0,8.0,9.0,10.0,11.0,12.0,13.0,14.0,15.0,16.0,17.0,18.0,19.0	-0.27205680103114915,-0.27205680103114915,-0.27205680103114915,-0.27205680103114915,-0.27205680103114915,-0.2730211902515788,-0.27388696219660236,-0.27465315827878056,-0.2753189284614151,-0.2758835328300769,-0.2763463429629476,-0.2767068430964233,-0.27696463108295316,-0.2771194191386236,-0.27717103437854146,-0.2771194191386236,-0.27696463108295316,-0.2767068430964233,-0.2763463429629476,-0.2758835328300769	1	norm	0	289,,
290	0.0,1.0,2.0,3.0,4.0,5.0,6.0,7.0,8.0,9.0,10.0,11.0,12.0,13.0,14.0,15.0,16.0,17.0,18.0,19.0	-0.11208755903316488,-0.11271076218745267,-0.11327130151978572,-0.11376820964648286,-0.11420062629250237,-0.11456780077310327,-0.11486909416537527,-0.11510398116084496,-0.11527205159163947,-0.1153730116240013,-0.11540668461429297,-0.1153730116240013,-0.11527205159163947,-0.11510398116084496,-0.11486909416537527,-0.11456780077310327,-0.11420062629250237,-0.11376820964648286,-0.11327130151978572,-0.11271076218745267	1	norm	0	290,,
291	0.0,1.0,2.0,3.0,4.0,5.0,6.0,7.0,8.0,9.0,10.0,11.0,12.0,13.0,14.0,15.0,16.0,17.0,18.0,19.0	-0.28566951319613226,-0.28566951319613226,-0.28566951319613226,-0.28566951319613226,-0.28566951319613226,-0.2863467289213698,-0.2869540194993122,-0.2874909336204313,-0.2879570717421004,-0.2883520865840789,-0.2886756835596899,-0.28892762114194126,-0.28910771116395245,-0.289215819053165,-0.2892518639989277,-0.289215819053165,-0.28910771116395245,-0.28892762114194126,-0.2886756835596899,-0.2883520865840789	1	norm	0	291,,
292	0.0,1.0,2.0,3.0,4.0,5.0,6.0,7.0,8.0,9.0,10.0,11.0,12.0,13.0,14.0,15.0,16.0,17.0,18.0,19.0	-0.23943290731392713,-0.23943290731392713,-0.23943290731392713,-0.23943290731392713,-0.23943290731392713,-0.23943290731392713,-0.2400359180505076,-0.24057674116112615,-0.2410549498575082,-0.24147016622703238,-0.24182206173043475,-0.2421103576350288,-0.2423348253826405,-0.2424952868915793,-0.24259161479208582,-0.24262373259482123,-0.24259161479208582,-0.2424952868915793,-0.2423348253826405,-0.2421103576350288	1	norm	0	292,,
293	0.0,1.0,2.0,3.0,4.0,5.0,6.0,7.0,8.0,9.0,10.0,11.0,12.0,13.0,14.0,15.0,16.0,17.0,18.0,19.0	-0.39509406914637935,-0.39509406914637935,-0.3954800477219158,-0.39582571658729554,-0.3961309694237577,-0.396395712291869,-0.39661986367970364,-0.39680335454467053,-0.39694612834895504,-0.3970481410885533,-0.3971093613158747,-0.39712977015589895,-0.3971093613158747,-0.3970481410885533,-0.39694612834895504,-0.39680335454467053,-0.39661986367970364,-0.396395712291869,-0.3961309694237577,-0.39582571658729554	1	norm	0	293,,
294	0.0,1.0,2.0,3.0,4.0,5.0,6.0,7.0,8.0,9.0,10.0,11.0,12.0,13.0,14.0,15.0,16.0,17.0,18.0,19.0	-0.48785048921898455,-0.48785048921898455,-0.4887667473254845,-0.48958801580462014,-0.490313810380445,-0.4909437026219945,-0.4914773203647549,-0.49191434807712,-0.4922545271713302,-0.4924976562584644,-0.49264359134713354,-0.4926922459856011,-0.49264359134713354,-0.4924976562584644,-0.4922545271713302,-0.49191434807712,-0.4914773203647549,-0.4909437026219945,-0.490313810380445,-0.48958801580462014	1	norm	0	294,,
295	0.0,1.0,2.0,3.0,4.0,5.0,6.0,7.0,8.0,9.0,10.0,11.0,12.0,13.0,14.0,15.0,16.0,17.0,18.0,19.0	1.8327013043900104,1.8327013043900104,1.8327013043900104,1.8327013043900104,1.8327013043900104,1.8327013043900104,1.955681846972152,2.0726960191012753,2.1817446269306138,2.280883533968748,2.3682808210769792,2.4422728358510257,2.5014167476084395,2.544537294036502,2.5707656057674,2.579568317852091,2.5707656057674,2.544537294036502,2.5014167476084395,2.4422728358510257	1	norm	0	295,,
296	0.0,1.0,2.0,3.0,4.0,5.0,6.0,7.0,8.0,9.0,10.0,11.0,12.0,13.0,14.0,15.0,16.0,17.0,18.0,19.0	-0.7008290110737376,-0.7008290110737376,-0.7316176495224084,-0.7603101563224965,-0.7865601242270613,-0.8100420695542883,-0.8304581263271733,-0.84754432315889,-0.8610762583309989,-0.8708740026620311,-0.8768060804767551,-0.8787924055641289,-0.8768060804767551,-0.8708740026620311,-0.8610762583309989,-0.84754432315889,-0.8304581263271733,-0.8100420695542883,-0.7865601242270613,-0.7603101563224965	1	norm	0	296,,
297	0.0,1.0,2.0,3.0,4.0,5.0,6.0,7.0,8.0,9.0,10.0,11.0,12.0,13.0,14.0,15.0,16.0,17.0,18.0,19.0	-0.4667161404008134,-0.4667161404008134,-0.4667161404008134,-0.46741067272080644,-0.4680329724149735,-0.4685827483849205,-0.46905974324180105,-0.46946373350714204,-0.4697945297873379,-0.47005197692162526,-0.470235954103374,-0.47034637497456244,-0.4703831876933344,-0.47034637497456244,-0.470235954103374,-0.47005197692162526,-0.4697945297873379,-0.46946373350714204,-0.46905974324180105,-0.4685827483849205	1	norm	0	297,,
298	0.0,1.0,2.0,3.0,4.0,5.0,6.0,7.0,8.0,9.0,10.0,11.0,12.0,13.0,14.0,15.0,16.0,17.0,18.0,19.0	-0.3248988490035033,-0.3248988490035033,-0.3248988490035033,-0.3248988490035033,-0.3248988490035033,-0.3258377305502509,-0.32668008201472837,-0.3274251415411936,-0.3280722341690314,-0.3286207728517326,-0.3290702593444184,-0.3294202849580321,-0.32967053117859985,-0.3298207701502467,-0.329870865020943,-0.3298207701502467,-0.32967053117859985,-0.3294202849580321,-0.3290702593444184,-0.3286207728517326	1	norm	0	298,,
299	0.0,1.0,2.0,3.0,4.0,5.0,6.0,7.0,8.0,9.0,10.0,11.0,12.0,13.0,14.0,15.0,16.0,17.0,18.0,19.0	0.31004974007334685,0.3103876687390271,0.31069033815429425,0.3109576444952152,0.31118949601213686,0.3113858130821702,0.31154652825476276,0.31167158629032093,0.3117609441918532,0.3118145712296076,0.3118324489586841,0.3118145712296076,0.3117609441918532,0.31167158629032093,0.31154652825476276,0.3113858130821702,0.31118949601213686,0.3109576444952152,0.31069033815429425,0.3103876687390271	1	norm	0	299
